{"cameraMode":{"drawMode":0,"name":"Shaded","section":"Shading Mode"},"sceneLighting":false,"audioPlay":false,"sceneViewState":{"m_AlwaysRefresh":true,"showFog":true,"showSkybox":false,"showFlares":true,"showImageEffects":true,"showParticleSystems":true,"showVisualEffectGraphs":true,"m_FxEnabled":true},"in2DMode":false,"pivot":{"x":2.6823251247406008,"y":1.6822586059570313,"z":129.0459747314453},"rotation":{"x":-0.030084261670708658,"y":0.8878973722457886,"z":0.05834893882274628,"w":0.4554622769355774},"size":3.2962725162506105,"orthographic":false}