{"cameraMode":{"drawMode":0,"name":"Shaded","section":"Shading Mode"},"sceneLighting":false,"audioPlay":false,"sceneViewState":{"m_AlwaysRefresh":true,"showFog":true,"showSkybox":false,"showFlares":true,"showImageEffects":true,"showParticleSystems":true,"showVisualEffectGraphs":true,"m_FxEnabled":true},"in2DMode":false,"pivot":{"x":-2.38706111907959,"y":0.9546850323677063,"z":125.60749816894531},"rotation":{"x":0.000569439958781004,"y":0.9993184208869934,"z":0.031183095648884774,"w":-0.0225166454911232},"size":5.008824825286865,"orthographic":false}