{"cameraMode":{"drawMode":0,"name":"Shaded","section":"Shading Mode"},"sceneLighting":false,"audioPlay":false,"sceneViewState":{"m_AlwaysRefresh":true,"showFog":true,"showSkybox":false,"showFlares":true,"showImageEffects":true,"showParticleSystems":true,"showVisualEffectGraphs":true,"m_FxEnabled":true},"in2DMode":false,"pivot":{"x":1.7862424850463868,"y":1.1631360054016114,"z":137.12225341796876},"rotation":{"x":-0.00004184451972832903,"y":0.9998064041137695,"z":0.022190922871232034,"w":-0.0030261112842708828},"size":3.0118355751037599,"orthographic":false}