{"cameraMode":{"drawMode":0,"name":"Shaded","section":"Shading Mode"},"sceneLighting":false,"audioPlay":false,"sceneViewState":{"m_AlwaysRefresh":true,"showFog":true,"showSkybox":false,"showFlares":true,"showImageEffects":true,"showParticleSystems":true,"showVisualEffectGraphs":true,"m_FxEnabled":true},"in2DMode":false,"pivot":{"x":-2.53340482711792,"y":0.6503485441207886,"z":136.9186248779297},"rotation":{"x":-0.03418136015534401,"y":-0.01466748770326376,"z":-0.0006121599581092596,"w":0.9993677139282227},"size":0.823515772819519,"orthographic":false}