{"cameraMode":{"drawMode":0,"name":"Shaded","section":"Shading Mode"},"sceneLighting":false,"audioPlay":false,"sceneViewState":{"m_AlwaysRefresh":true,"showFog":true,"showSkybox":false,"showFlares":true,"showImageEffects":true,"showParticleSystems":true,"showVisualEffectGraphs":true,"m_FxEnabled":true},"in2DMode":false,"pivot":{"x":-2.9802322387695315e-8,"y":0.5503472089767456,"z":5.960464477539063e-8},"rotation":{"x":0.0005442002438940108,"y":0.9912100434303284,"z":0.13280639052391053,"w":-0.004483030643314123},"size":0.8235177397727966,"orthographic":false}