{"cameraMode":{"drawMode":0,"name":"Shaded","section":"Shading Mode"},"sceneLighting":false,"audioPlay":false,"sceneViewState":{"m_AlwaysRefresh":true,"showFog":true,"showSkybox":false,"showFlares":true,"showImageEffects":true,"showParticleSystems":true,"showVisualEffectGraphs":true,"m_FxEnabled":true},"in2DMode":false,"pivot":{"x":-2.6440391540527345,"y":1.6822588443756104,"z":144.1763458251953},"rotation":{"x":-0.0016172361792996526,"y":0.9985776543617249,"z":-0.04076799005270004,"w":-0.035981956869363788},"size":3.3688790798187258,"orthographic":false}