{"cameraMode":{"drawMode":0,"name":"Shaded","section":"Shading Mode"},"sceneLighting":true,"audioPlay":false,"sceneViewState":{"m_AlwaysRefresh":true,"showFog":true,"showSkybox":true,"showFlares":true,"showImageEffects":true,"showParticleSystems":true,"showVisualEffectGraphs":true,"m_FxEnabled":true},"in2DMode":false,"pivot":{"x":-0.024405883625149728,"y":0.11906227469444275,"z":0.030722981318831445},"rotation":{"x":-0.012931016273796559,"y":0.9863195419311523,"z":-0.0937872976064682,"w":-0.13549400866031648},"size":1.9125988483428956,"orthographic":false}