{"cameraMode":{"drawMode":0,"name":"Shaded","section":"Shading Mode"},"sceneLighting":true,"audioPlay":false,"sceneViewState":{"m_AlwaysRefresh":true,"showFog":true,"showSkybox":true,"showFlares":true,"showImageEffects":true,"showParticleSystems":true,"showVisualEffectGraphs":true,"m_FxEnabled":true},"in2DMode":false,"pivot":{"x":-33.15068054199219,"y":60.97954559326172,"z":-99.49339294433594},"rotation":{"x":-0.0006287083961069584,"y":-0.9992255568504334,"z":-0.02818361669778824,"w":0.03091537021100521},"size":24.373714447021486,"orthographic":false}