{"cameraMode":{"drawMode":0,"name":"Shaded","section":"Shading Mode"},"sceneLighting":true,"audioPlay":false,"sceneViewState":{"m_AlwaysRefresh":true,"showFog":true,"showSkybox":true,"showFlares":true,"showImageEffects":true,"showParticleSystems":true,"showVisualEffectGraphs":true,"m_FxEnabled":true},"in2DMode":false,"pivot":{"x":0.24325069785118104,"y":0.07468957453966141,"z":-20.435958862304689},"rotation":{"x":-0.030505286529660226,"y":0.8156881332397461,"z":-0.04308231547474861,"w":-0.5762065649032593},"size":2.1745059490203859,"orthographic":false}