{"cameraMode":{"drawMode":0,"name":"Shaded","section":"Shading Mode"},"sceneLighting":false,"audioPlay":false,"sceneViewState":{"m_AlwaysRefresh":true,"showFog":true,"showSkybox":true,"showFlares":true,"showImageEffects":true,"showParticleSystems":true,"showVisualEffectGraphs":true,"m_FxEnabled":true},"in2DMode":false,"pivot":{"x":5.457803726196289,"y":0.6686798930168152,"z":1.6988625526428223},"rotation":{"x":0.051075804978609088,"y":0.948882520198822,"z":-0.21450279653072358,"w":0.22617818415164948},"size":11.493952751159668,"orthographic":false}